City_ID,City,Lat,Lng,Max Temp,Humidity,Cloudiness,Wind Speed,Country,Date
0,sabang,5.8933,95.3214,84.56,77,87,10.02,ID,1682951536
1,port keats,-14.25,129.55,75.74,55,67,7.49,AU,1682951537
2,kavieng,-2.5744,150.7967,82.02,80,100,10.63,PG,1682951538
3,preobrazheniye,42.9019,133.9064,41.4,78,7,4.61,RU,1682951274
4,vao,-22.6667,167.4833,75.96,75,100,14.67,NC,1682951539
5,ivanovka,42.8878,75.085,56.82,57,35,2.89,KG,1682951540
6,dikson,73.5069,80.5464,26.28,88,100,16.11,RU,1682951541
7,danilov,58.1908,40.1717,41.94,92,100,9.15,RU,1682951543
8,castro,-24.7911,-50.0119,70.93,56,0,2.93,BR,1682951543
9,arman,59.7,150.1667,30.02,88,100,1.81,RU,1682951531
10,maridi,4.9158,29.4742,81.79,54,79,5.26,SS,1682951545
11,beringovskiy,63.05,179.3167,2.52,94,17,8.72,RU,1682951547
12,rikitea,-23.1203,-134.9692,78.84,77,23,5.28,PF,1682951548
13,busselton,-33.65,115.3333,53.87,81,0,10.94,AU,1682951548
14,pengcheng,36.4311,114.17,66.74,37,91,8.77,CN,1682951549
15,verkhnevilyuysk,63.4453,120.3167,32.13,100,100,1.74,RU,1682951549
16,vila velha,-20.3297,-40.2925,78.75,84,20,10.36,BR,1682951552
17,saint-paul,-21.0096,55.2707,80.69,95,7,3.24,RE,1682951552
18,aswan,24.0934,32.907,89.1,8,0,10.58,EG,1682951553
19,kyren,51.6828,102.1408,32.54,96,100,2.01,RU,1682951554
20,saurimo,-9.6608,20.3916,78.82,51,76,2.8,AO,1682951555
21,severnyy,50.677,36.5532,50.04,76,0,4.47,RU,1682951558
22,vardo,70.3705,31.1107,37.53,77,71,6.78,NO,1682951560
23,ushuaia,-54.8,-68.3,35.26,80,75,9.22,AR,1682951491
24,makat,47.6469,53.3463,83.5,14,100,15.35,KZ,1682951561
25,atuona,-9.8,-139.0333,81.25,77,9,22.64,PF,1682951563
26,morros,-9.4467,-46.3003,84.52,56,100,8.1,BR,1682951564
27,mayo,38.8876,-76.5119,59.34,51,0,14.97,US,1682951565
28,hilo,19.7297,-155.09,68.61,88,0,4.61,US,1682951314
29,bacabal,-4.2917,-44.7917,85.05,73,86,2.98,BR,1682951567
30,kapaa,22.0752,-159.319,72.1,88,5,1.01,US,1682951568
31,avarua,-21.2078,-159.775,75.25,73,40,8.05,CK,1682951313
32,williams lake,52.1415,-122.1445,49.05,93,100,2.3,CA,1682951568
33,thompson,55.7435,-97.8558,35.76,75,0,2.3,CA,1682951452
34,jamestown,42.097,-79.2353,45.99,88,100,16.11,US,1682951394
35,port elizabeth,-33.918,25.5701,74.1,79,0,16.11,ZA,1682951570
36,coihaique,-45.5752,-72.0662,48.81,76,100,10.36,CL,1682951308
37,butaritari,3.0707,172.7902,83.21,77,22,15.86,KI,1682951571
38,esperance,-33.8667,121.9,59.76,63,80,6.51,AU,1682951572
39,evensk,61.95,159.2333,18.52,82,62,14.85,RU,1682951538
40,punta arenas,-53.15,-70.9167,37.51,81,75,19.57,CL,1682951538
41,charters towers,-20.1,146.2667,68.25,90,6,7.14,AU,1682951359
42,mataura,-46.1927,168.8643,46.47,97,93,2.86,NZ,1682951575
43,severo-kurilsk,50.6789,156.125,33.44,93,100,16.42,RU,1682951576
44,carnarvon,-24.8667,113.6333,72.23,66,9,10.94,AU,1682951511
45,harwich,51.9419,1.2844,61.5,70,93,3.0,GB,1682951416
46,sterling,39.0062,-77.4286,58.12,54,75,10.36,US,1682951581
47,portland,45.5234,-122.6762,51.82,83,79,5.01,US,1682951453
48,mahebourg,-20.4081,57.7,79.09,89,75,0.0,MU,1682951330
49,grindavik,63.8424,-22.4338,46.35,60,40,10.36,IS,1682951583
50,catamarca,-28.4696,-65.7852,61.59,76,100,7.58,AR,1682951381
51,nikolskoye,59.7035,30.7861,51.69,38,8,9.01,RU,1682951492
52,tullahoma,35.362,-86.2094,57.99,50,0,17.27,US,1682951586
53,port alfred,-33.5906,26.891,71.19,76,16,5.01,ZA,1682951587
54,nurota,40.5614,65.6886,74.64,17,6,7.09,UZ,1682951587
55,salinopolis,-0.6136,-47.3561,83.86,75,93,7.78,BR,1682951587
56,hermanus,-34.4187,19.2345,62.8,71,100,4.74,ZA,1682951588
57,port moresby,-9.4431,147.1797,76.42,100,75,3.44,PG,1682951309
58,paamiut,61.994,-49.6678,33.13,41,9,2.57,GL,1682951590
59,kembe,4.6228,21.8865,80.69,56,81,3.31,CF,1682951591
60,nerchinskiy zavod,51.3088,119.61,52.7,40,100,3.83,RU,1682951593
61,chuy,-33.6971,-53.4616,66.78,46,82,10.45,UY,1682951495
62,vestmannaeyjar,63.4427,-20.2734,41.99,65,20,11.5,IS,1682951597
63,bluff,-46.6,168.3333,46.8,87,100,3.02,NZ,1682951598
64,mizan teferi,6.9833,35.5833,63.86,98,99,1.16,ET,1682951599
65,padilla,3.2204,-76.3139,74.77,71,75,2.55,CO,1682951600
66,sinnamary,5.3833,-52.95,83.59,69,53,11.52,GF,1682951600
67,kalutara,6.5831,79.9593,80.02,85,99,5.23,LK,1682951600
68,cape town,-33.9258,18.4232,68.11,54,0,12.66,ZA,1682951403
69,mar del plata,-38.0023,-57.5575,65.82,53,0,10.36,AR,1682951603
70,saint-philippe,-21.3585,55.7679,78.39,81,44,2.35,RE,1682951516
71,bathsheba,13.2167,-59.5167,84.81,74,75,11.5,BB,1682951605
72,aasiaat,68.7098,-52.8699,26.38,79,25,7.7,GL,1682951606
73,barrow,71.2906,-156.7887,10.42,85,100,13.8,US,1682951606
74,lavrentiya,65.5833,-171.0,21.63,87,100,9.62,RU,1682951607
75,cabo san lucas,22.8909,-109.9124,73.06,62,32,1.99,MX,1682951513
76,te anau,-45.4167,167.7167,49.57,84,71,1.92,NZ,1682951608
77,puerto escondido,15.85,-97.0667,81.43,89,75,5.75,MX,1682951609
78,isangel,-19.55,169.2667,77.38,88,100,7.78,VU,1682951610
79,arraial do cabo,-22.9661,-42.0278,80.56,69,20,17.27,BR,1682951360
80,katsuura,35.1333,140.3,60.82,81,4,14.12,JP,1682951420
81,lagoa,39.05,-27.9833,60.01,76,82,19.15,PT,1682951515
82,albany,42.6001,-73.9662,50.27,79,97,1.99,US,1682951347
83,xai-xai,-25.0519,33.6442,75.76,75,83,7.56,MZ,1682951363
84,port blair,11.6667,92.75,84.76,71,39,6.76,IN,1682951615
85,paracatu,-17.2222,-46.8747,85.05,40,0,1.36,BR,1682951616
86,east london,-33.0153,27.9116,70.74,60,6,8.95,ZA,1682951497
87,butterworth,5.3991,100.3638,86.05,100,40,13.8,MY,1682951503
88,omboue,-1.5746,9.2618,84.45,66,43,9.71,GA,1682951618
89,belle glade,26.6845,-80.6676,78.03,57,0,9.64,US,1682951422
90,ahipara,-35.1667,173.1667,62.38,95,18,6.29,NZ,1682951620
91,puerto ayora,-0.7393,-90.3518,85.96,88,9,1.01,EC,1682951621
92,ishigaki,24.3448,124.1572,73.53,88,75,16.11,JP,1682951623
93,saskylakh,71.9167,114.0833,-5.53,100,63,5.12,RU,1682951623
94,gazanjyk,39.2446,55.5154,86.83,20,6,0.4,TM,1682951624
95,vaini,-21.2,-175.2,75.36,78,40,12.66,TO,1682951624
96,kodiak,57.79,-152.4072,36.91,75,100,3.44,US,1682951625
97,acarau,-2.8856,-40.12,84.42,70,100,9.48,BR,1682951625
98,seara,41.1818,-7.8003,79.16,30,100,1.48,PT,1682951369
99,riberalta,-10.9833,-66.1,82.6,78,40,6.91,BO,1682951626
100,ewa beach,21.3156,-158.0072,74.43,88,0,4.61,US,1682951626
101,young,-32.6833,-57.6333,62.91,38,100,9.93,UY,1682951628
102,gouyave,12.1646,-61.7296,80.37,72,3,16.51,GD,1682951628
103,cap malheureux,-19.9842,57.6142,77.47,81,6,3.42,MU,1682951629
104,new norfolk,-42.7826,147.0587,49.71,83,100,2.77,AU,1682951630
105,rivera,-30.9053,-55.5508,60.13,79,100,12.44,UY,1682951630
106,victoria,22.2855,114.1577,76.32,74,97,15.01,HK,1682951133
107,jacqueville,5.2052,-4.4146,81.79,80,94,8.88,CI,1682951632
108,kavaratti,10.5669,72.642,85.23,70,100,11.18,IN,1682951513
109,cartagena del chaira,1.3349,-74.8429,85.84,63,48,2.46,CO,1682951633
110,kilindoni,-7.9139,39.6668,80.96,74,32,15.01,TZ,1682951634
111,codrington,-38.2667,141.9667,51.89,91,91,9.13,AU,1682951536
112,puerto el triunfo,13.2833,-88.55,83.32,68,100,3.4,SV,1682951635
113,dingle,10.9995,122.6711,79.05,82,97,7.07,PH,1682951635
114,bowen,-20.0167,148.2333,75.0,78,93,10.8,AU,1682951602
115,namatanai,-3.6667,152.4333,80.89,79,100,8.28,PG,1682951636
116,atar,20.5169,-13.0499,107.31,6,2,10.83,MR,1682951637
117,lebu,-37.6167,-73.65,53.11,60,4,6.76,CL,1682951638
118,vestmanna,62.1564,-7.1664,40.12,70,20,19.57,FO,1682951639
119,hovd,48.0056,91.6419,35.55,29,100,12.41,MN,1682951640
120,san jose,37.3394,-121.895,53.82,75,100,28.01,US,1682951560
121,shenzhen,22.5455,114.0683,76.21,78,99,10.78,CN,1682951495
122,kulhudhuffushi,6.6221,73.07,84.34,77,100,23.35,MV,1682951349
123,hobart,-42.8794,147.3294,50.05,93,100,4.61,AU,1682951499
124,kamiiso,41.8167,140.65,43.59,90,83,6.55,JP,1682951646
125,norman wells,65.282,-126.8329,30.24,86,75,13.8,CA,1682951647
126,excelsior springs,39.3392,-94.2261,52.5,46,0,12.66,US,1682951647
127,bachaquero,9.9694,-71.1494,86.31,66,22,6.31,VE,1682951648
128,cherskiy,68.75,161.3,4.73,100,78,1.1,RU,1682951650
129,cidreira,-30.1811,-50.2056,76.46,63,43,9.35,BR,1682951650
130,cedar city,37.6775,-113.0619,63.39,39,0,1.01,US,1682951651
131,hobyo,5.3505,48.5268,85.33,74,77,15.68,SO,1682951537
132,meulaboh,4.1363,96.1285,80.44,87,100,3.04,ID,1682951652
133,upernavik,72.7868,-56.1549,29.07,63,34,3.24,GL,1682951652
134,provideniya,64.3833,-173.3,25.47,94,100,8.01,RU,1682951515
135,tiruchchendur,8.4833,78.1167,83.59,76,93,16.37,IN,1682951653
136,harlow,51.7766,0.1116,65.17,64,75,9.22,GB,1682951409
137,niceville,30.5169,-86.4822,71.1,62,0,9.22,US,1682951585
138,miri,4.4148,114.0089,80.74,94,40,0.0,MY,1682951656
139,qazax,41.0933,45.3661,59.77,65,73,13.31,AZ,1682951657
140,artyom,40.4723,50.333,60.94,85,39,26.6,AZ,1682951658
141,popondetta,-8.7537,148.2534,75.0,92,46,3.18,PG,1682951658
142,maceio,-9.6658,-35.7353,85.44,70,75,8.05,BR,1682951501
143,san andres,12.5847,-81.7006,86.02,74,20,11.5,CO,1682951662
144,srednekolymsk,67.45,153.6833,24.64,94,100,7.58,RU,1682951664
145,ixtapa,20.7,-105.2,76.23,64,75,1.01,MX,1682951665
146,puerto leguizamo,-0.1934,-74.7819,86.27,63,60,2.77,CO,1682951666
147,khatanga,71.9667,102.5,0.46,94,48,6.53,RU,1682951668
148,mount pleasant,32.7941,-79.8626,68.05,35,0,13.8,US,1682951668
149,los llanos de aridane,28.6585,-17.9182,76.75,48,0,7.0,ES,1682951670
150,chokurdakh,70.6333,147.9167,4.17,97,92,5.44,RU,1682951673
151,pryluky,50.5932,32.3876,53.87,49,23,14.41,UA,1682951674
152,smithers,54.7804,-127.1743,41.32,93,20,5.75,CA,1682951674
153,pacific grove,36.6177,-121.9166,53.28,90,100,11.5,US,1682951675
154,ribeira grande,38.5167,-28.7,64.8,68,20,18.99,PT,1682951501
155,shigony,53.3875,48.6777,74.25,50,99,12.48,RU,1682951676
156,georgetown,5.4112,100.3354,85.95,100,40,13.8,MY,1682951419
157,guerrero negro,27.9769,-114.0611,59.65,72,100,9.51,MX,1682951676
158,leningradskiy,69.3833,178.4167,-5.53,99,93,5.3,RU,1682951677
159,thinadhoo,0.5333,72.9333,80.65,84,100,16.11,MV,1682951678
160,souillac,-20.5167,57.5167,79.18,89,75,0.0,MU,1682951504
161,tura,25.5198,90.2201,71.96,80,100,2.71,IN,1682951678
162,santa marta,11.2408,-74.199,84.25,74,75,8.05,CO,1682951470
163,qaanaaq,77.484,-69.3632,31.6,72,100,5.46,GL,1682951679
164,lasa,46.6166,10.7002,56.7,96,100,3.44,IT,1682951679
165,pevek,69.7008,170.3133,-10.16,98,29,3.62,RU,1682951680
166,simao,22.7886,100.9748,67.86,70,48,2.8,CN,1682951681
167,isla mujeres,21.2311,-86.731,78.85,52,13,5.3,MX,1682951681
168,bredasdorp,-34.5322,20.0403,63.46,60,100,6.33,ZA,1682951681
169,bengkulu,-3.8004,102.2655,77.88,85,80,3.42,ID,1682951682
170,rabaul,-4.1967,152.1721,80.53,80,100,5.68,PG,1682951683
171,nuevo progreso,23.1667,-97.95,76.46,73,20,1.01,MX,1682951683
172,agutaya,11.148,120.9417,84.54,79,88,20.0,PH,1682951683
173,klaksvik,62.2266,-6.589,41.92,76,99,22.24,FO,1682951684
174,enzan,35.7,138.7333,50.54,73,0,3.87,JP,1682951684
175,stavyshche,50.4,29.5333,55.78,41,6,9.35,UA,1682951685
176,alta floresta,-9.8756,-56.0861,93.02,62,0,5.75,BR,1682951685
177,bafra,41.5678,35.9069,59.72,69,83,4.16,TR,1682951685
178,mogadishu,2.0371,45.3438,83.05,76,33,14.54,SO,1682951686
179,aksu,41.1231,80.2644,73.08,14,73,5.88,CN,1682951519
180,knin,44.0439,16.2,64.89,73,100,3.96,HR,1682951687
181,tuktoyaktuk,69.4541,-133.0374,21.2,93,100,12.66,CA,1682951688
182,narsaq,60.9167,-46.05,44.82,52,42,5.79,GL,1682951688
183,sibolga,1.7427,98.7792,79.32,87,96,2.75,ID,1682951689
184,sao felix do xingu,-6.6447,-51.995,78.96,92,100,0.94,BR,1682951689
185,dubbo,-32.25,148.6167,51.93,82,100,5.75,AU,1682951689
186,ambilobe,-13.2,49.05,75.92,82,100,1.9,MG,1682951690
187,balkanabat,39.5108,54.3671,84.16,24,96,10.78,TM,1682951690
188,yellowknife,62.456,-114.3525,43.32,56,100,12.66,CA,1682951628
189,kruisfontein,-34.0033,24.7314,71.89,70,24,13.89,ZA,1682951691
190,lorengau,-2.0226,147.2712,81.91,79,100,7.9,PG,1682951692
191,urengoy,65.9667,78.3667,16.79,85,2,8.39,RU,1682951693
192,garsten,47.9987,14.4035,69.39,48,100,2.73,AT,1682951695
193,palmer,42.1584,-72.3287,53.82,77,75,13.8,US,1682951658
194,salalah,17.0151,54.0924,87.89,74,75,12.66,OM,1682951695
195,fayaoue,-20.65,166.5333,78.84,76,100,10.2,NC,1682951697
196,luba,3.4568,8.5547,80.49,84,100,4.05,GQ,1682951697
197,hithadhoo,-0.6,73.0833,82.74,78,100,12.06,MV,1682951699
198,port lincoln,-34.7333,135.8667,60.26,84,10,11.52,AU,1682951699
199,margate,51.3813,1.3862,61.88,68,28,10.92,GB,1682951700
200,surt,31.2089,16.5887,72.07,63,89,19.42,LY,1682951701
201,tuatapere,-46.1333,167.6833,50.27,80,85,4.18,NZ,1682951500
202,tres coracoes,-21.6969,-45.2533,74.17,59,0,4.85,BR,1682951703
203,geraldton,-28.7667,114.6,59.41,82,0,11.5,AU,1682951471
204,vila franca do campo,37.7167,-25.4333,61.21,74,100,10.07,PT,1682951707
205,clyde river,70.4692,-68.5914,21.43,93,20,2.3,CA,1682951708
206,faanui,-16.4833,-151.75,81.3,80,100,13.62,PF,1682951711
207,natal,-5.795,-35.2094,86.65,65,40,11.5,BR,1682951712
208,fortuna,40.5982,-124.1573,49.93,89,100,5.01,US,1682951500
209,wanning,18.8003,110.3967,77.32,88,26,5.39,CN,1682951714
210,lagos,6.5833,3.75,82.72,65,99,8.12,NG,1682951618
211,msanga,-6.05,36.0333,76.86,57,88,6.51,TZ,1682951717
212,igrim,63.1906,64.4162,32.68,95,100,5.3,RU,1682951533
213,kamaishi,39.2667,141.8833,49.33,83,97,9.6,JP,1682951718
214,benguela,-12.5763,13.4055,83.55,71,53,9.66,AO,1682951607
215,vire,48.9167,-0.8333,58.39,75,84,11.61,FR,1682951720
216,college,64.8569,-147.8028,32.32,77,75,5.75,US,1682951721
217,kamskiye polyany,55.4307,51.4171,83.21,39,32,16.04,RU,1682951721
218,gela,37.0803,14.2307,74.26,76,78,11.65,IT,1682951722
219,tiznit,29.5833,-9.5,81.09,33,21,12.41,MA,1682951722
220,camargo,27.6667,-105.1667,76.82,18,95,4.47,MX,1682951724
221,trelew,-43.249,-65.3051,55.71,33,0,24.18,AR,1682951724
222,boa viagem,-5.1275,-39.7322,86.16,56,80,6.8,BR,1682951725
223,tete,-16.1564,33.5867,79.0,54,100,5.39,MZ,1682951727
224,eureka,40.8021,-124.1637,50.74,94,100,11.99,US,1682951727
225,axim,4.8699,-2.2405,84.97,69,100,10.58,GH,1682951728
226,kaitangata,-46.2817,169.8464,49.62,96,86,5.1,NZ,1682951509
227,jining,35.405,116.5814,62.1,47,100,9.62,CN,1682951731
228,pangkalanbuun,-2.6833,111.6167,75.96,94,99,1.5,ID,1682951731
229,torbay,47.6666,-52.7314,40.57,84,100,23.02,CA,1682951720
230,blackfoot,43.1905,-112.345,62.55,48,42,6.13,US,1682951733
231,la tijera,19.9,-104.4,70.34,19,47,1.1,MX,1682951733
232,qasigiannguit,68.8193,-51.1922,35.85,58,4,1.05,GL,1682951733
233,komatipoort,-25.4332,31.9548,83.05,47,0,7.09,ZA,1682951735
234,seymchan,62.8833,152.4333,25.63,92,100,3.15,RU,1682951735
235,goya,-29.14,-59.2626,60.62,68,100,11.45,AR,1682951736
236,brigantine,39.4101,-74.3646,61.2,52,20,16.11,US,1682951695
237,ponta delgada,37.7333,-25.6667,61.52,88,40,10.36,PT,1682951738
238,hamilton,39.1834,-84.5333,46.62,82,100,14.97,US,1682951482
239,constitucion,-35.3333,-72.4167,56.01,50,3,8.34,CL,1682951740
240,adrar,20.5022,-10.0711,104.97,5,0,11.7,MR,1682951741
241,lerwick,60.1545,-1.1494,42.8,67,100,19.44,GB,1682951742
242,filadelfia,39.9523,-75.1638,59.5,50,20,26.46,US,1682951631
243,asau,46.4333,26.4,61.72,50,25,6.31,RO,1682951594
244,tasiilaq,65.6145,-37.6368,35.76,63,6,2.15,GL,1682951743
245,ilhabela,-23.7781,-45.3581,78.24,73,61,4.25,BR,1682951744
246,motril,36.7507,-3.5179,93.27,41,84,2.42,ES,1682951745
247,airai,-8.9266,125.4092,59.45,95,92,1.7,TL,1682951529
248,pontianak,-0.0333,109.3333,80.58,94,20,5.75,ID,1682951596
249,ostrovnoy,68.0531,39.5131,34.56,99,100,9.44,RU,1682951745
250,sulangan,11.1373,123.7228,83.88,76,100,12.8,PH,1682951551
251,khash,28.2211,61.2158,72.09,33,86,11.48,IR,1682951748
252,faya,18.3851,42.4509,62.71,56,24,8.48,SA,1682951529
253,ketchikan,55.3422,-131.6461,46.87,87,0,4.61,US,1682951748
254,ayagoz,47.9714,80.4392,37.31,53,64,14.41,KZ,1682951750
255,newport,51.5877,-2.9984,65.68,76,75,9.48,GB,1682951006
256,acapulco,16.8634,-99.8901,76.82,69,20,3.44,MX,1682951750
257,mulege,26.8833,-111.9833,75.6,37,25,2.17,MX,1682951641
258,bahia honda,22.9036,-83.1592,79.77,51,14,6.71,CU,1682951751
259,port-gentil,-0.7193,8.7815,87.76,70,40,8.05,GA,1682951541
260,fairmont,39.4851,-80.1426,44.71,92,100,1.01,US,1682951229
261,sitrah,26.1547,50.6206,88.02,65,0,14.97,BH,1682951752
262,cap-haitien,19.7578,-72.2042,81.7,70,52,9.33,HT,1682951753
263,mayor pablo lagerenza,-19.9309,-60.7718,81.43,69,91,8.84,PY,1682951753
264,praia,14.9215,-23.5087,90.14,23,20,12.66,CV,1682951753
265,batagay-alyta,67.8006,130.4114,16.9,97,97,4.21,RU,1682951754
266,port hardy,50.6996,-127.4199,48.38,100,100,2.3,CA,1682951754
267,ponta do sol,32.6667,-17.1,81.72,39,83,7.14,PT,1682951589
268,caravelas,-17.7125,-39.2481,81.32,73,79,6.15,BR,1682951755
269,nicoya,10.1483,-85.452,86.07,57,77,5.66,CR,1682951757
270,iraucuba,-3.7461,-39.7833,85.95,61,99,5.59,BR,1682951757
271,merauke,-8.4667,140.3333,78.73,89,96,11.34,ID,1682951758
272,namuac,18.6109,121.1657,79.66,90,23,11.83,PH,1682951759
273,san cristobal,7.7669,-72.225,77.18,49,91,8.19,VE,1682951760
274,burnie,-41.0667,145.9167,54.95,86,62,10.85,AU,1682951538
275,borger,52.9233,6.7931,66.27,57,99,9.4,NL,1682951761
276,helong,42.5397,128.9972,42.24,70,1,5.19,CN,1682951762
277,tsabong,-26.0217,22.401,84.97,27,99,8.75,BW,1682951764
278,laguna,38.421,-121.4238,53.4,75,75,13.8,US,1682951766
279,iquique,-20.2208,-70.1431,69.84,68,35,3.27,CL,1682951655
280,kamenka,51.3223,42.7678,57.63,75,84,6.08,RU,1682951498
281,ayr,55.4627,-4.6339,63.32,71,40,11.5,GB,1682951769
282,porto novo,6.4965,2.6036,89.42,69,99,7.25,BJ,1682951771
283,son la,21.3167,103.9,70.21,87,6,3.76,VN,1682951772
284,sao miguel do araguaia,-13.275,-50.1628,87.84,50,0,3.78,BR,1682951773
285,pokosnoye,55.5258,101.0536,28.96,82,87,4.45,RU,1682951774
286,belaya gora,68.5333,146.4167,15.96,96,98,4.76,RU,1682951774
287,thessalon,46.2501,-83.5666,41.29,97,100,15.32,CA,1682951776
288,tuy hoa,13.0833,109.3,77.63,88,28,4.61,VN,1682951776
289,harper,4.375,-7.7169,83.17,68,98,4.34,LR,1682951778
290,poltavka,54.3663,71.7632,47.16,36,0,11.63,RU,1682951779
291,kashi,39.4547,75.9797,70.81,21,40,20.13,CN,1682951779
292,santa maria,-29.6842,-53.8069,76.3,69,75,4.61,BR,1682951780
293,dali,25.7,100.1833,56.98,74,5,4.99,CN,1682951781
294,sao joao da barra,-21.6403,-41.0511,80.69,74,69,5.7,BR,1682951781
295,vostok,46.4856,135.8833,32.22,94,7,5.75,RU,1682951784
296,saint anthony,45.0205,-93.218,46.89,44,0,26.46,US,1682951785
297,saldanha,-33.0117,17.9442,61.23,75,100,16.13,ZA,1682951787
298,luderitz,-26.6481,15.1594,65.23,63,0,15.86,NA,1682951788
299,kharabali,47.4196,47.2568,64.67,57,100,10.27,RU,1682951789
300,maamba,-17.3667,27.15,80.6,34,45,4.56,ZM,1682951790
301,ajaccio,42.0,8.9167,60.78,72,100,9.22,FR,1682951788
302,lethem,3.3803,-59.7968,87.91,52,71,11.72,GY,1682951792
303,santa cruz cabralia,-16.2781,-39.0247,80.83,78,75,5.75,BR,1682951794
304,tiksi,71.6872,128.8694,25.99,96,100,8.34,RU,1682951795
305,rockport,28.0206,-97.0544,78.82,86,20,13.8,US,1682951795
306,high rock,26.6208,-78.2833,75.22,64,14,13.94,BS,1682951796
307,pisco,-13.7,-76.2167,72.01,78,24,8.05,PE,1682951796
308,korla,41.7597,86.1469,68.16,28,5,13.02,CN,1682951797
309,mapiri,-15.25,-68.1667,79.77,74,82,0.38,BO,1682951797
310,sisimiut,66.9395,-53.6735,32.83,73,14,4.74,GL,1682951797
311,otradnoye,59.7775,30.8181,51.85,40,3,9.13,RU,1682951798
312,iqaluit,63.7506,-68.5145,24.53,85,75,3.44,CA,1682951769
313,taybad,34.74,60.7756,80.69,20,100,17.11,IR,1682951800
314,lufilufi,-13.8745,-171.5986,82.38,75,54,19.62,WS,1682951800
315,nanortalik,60.1432,-45.2371,35.01,58,55,3.91,GL,1682951801
316,bambous virieux,-20.3428,57.7575,79.05,89,75,0.0,MU,1682951802
317,oussouye,12.485,-16.5469,95.18,42,35,10.11,SN,1682951802
318,narasannapeta,18.4167,84.05,76.37,76,100,1.9,IN,1682951802
319,kushmurun,52.4503,64.6311,55.94,28,98,9.98,KZ,1682951803
320,nisia floresta,-6.0911,-35.2086,86.81,54,67,10.4,BR,1682951804
321,venice,27.0998,-82.4543,79.07,64,20,9.22,US,1682951453
322,manavalakurichi,8.1333,77.3,80.94,85,100,7.25,IN,1682951805
323,alegrete,-29.7831,-55.7919,66.7,89,98,11.18,BR,1682951805
324,sayyan,15.1718,44.3244,64.9,54,94,0.11,YE,1682951807
325,general pico,-35.6566,-63.7568,62.87,24,0,6.26,AR,1682951808
326,mehamn,71.0357,27.8492,37.31,100,100,5.75,NO,1682951809
327,guasdualito,7.2424,-70.7324,87.76,70,20,3.44,VE,1682951810
328,stabat,3.761,98.4513,84.4,96,100,2.59,ID,1682951810
329,carutapera,-1.195,-46.02,85.08,70,62,6.29,BR,1682951812
330,chuguyevka,44.1653,133.8633,34.3,93,1,4.12,RU,1682951813
331,salym,60.0625,71.4789,31.89,78,2,6.6,RU,1682951815
332,aklavik,68.2191,-135.0107,17.6,79,100,10.36,CA,1682951817
333,dudinka,69.4058,86.1778,7.43,80,10,7.47,RU,1682951817
334,hofn,64.2539,-15.2082,38.05,54,10,5.97,IS,1682951819
335,sorland,67.667,12.6934,40.86,81,20,14.97,NO,1682951820
336,flinders,-34.5833,150.8552,56.37,73,3,10.13,AU,1682951821
337,kemijarvi,66.7131,27.4306,34.72,97,99,7.31,FI,1682951598
338,xam nua,20.4197,104.0439,66.61,96,50,2.42,LA,1682951823
339,saint george,37.1041,-113.5841,66.79,24,0,5.75,US,1682951691
340,gimli,50.6336,-96.9907,37.42,70,26,16.11,CA,1682951825
341,odweyne,9.4092,45.064,74.43,66,100,5.64,SO,1682951600
342,olean,42.0776,-78.4297,41.68,81,100,11.5,US,1682951826
343,ahuimanu,21.4447,-157.8378,74.19,88,40,4.61,US,1682951827
344,bethel,41.3712,-73.414,59.02,61,40,16.11,US,1682951830
345,ayan,56.45,138.1667,21.11,94,37,3.56,RU,1682951831
346,bilma,18.6853,12.9164,101.89,6,0,1.01,NE,1682951563
347,yazd,31.8972,54.3675,86.11,13,20,4.61,IR,1682951704
348,nouadhibou,20.931,-17.0347,69.49,73,0,19.53,MR,1682951549
349,kuching,1.55,110.3333,79.02,89,40,2.3,MY,1682951838
350,troitskoye,52.9821,84.6757,34.47,79,100,5.61,RU,1682951840
351,daru,-9.0763,143.2092,80.42,89,46,14.29,PG,1682951820
352,nea karvali,40.9617,24.51,69.76,69,40,5.75,GR,1682951842
353,doiwala,30.1833,78.1167,66.79,94,100,3.44,IN,1682951844
354,juquia,-24.3208,-47.6347,82.33,58,27,1.79,BR,1682951845
355,mezen,65.8522,44.24,33.33,99,100,8.39,RU,1682951846
356,ginda,30.6945,78.4932,51.73,85,98,3.2,IN,1682951847
357,texarkana,33.4251,-94.0477,67.84,39,0,4.61,US,1682951847
358,shubarkuduk,49.1447,56.4872,69.55,29,2,9.98,KZ,1682951848
359,saint-joseph,-21.3667,55.6167,77.38,82,26,3.27,RE,1682951849
360,shingu,33.7333,135.9833,51.6,65,0,6.58,JP,1682951850
361,rio branco do sul,-25.19,-49.3142,79.34,68,0,3.02,BR,1682951851
362,sandovo,58.4602,36.4128,43.0,63,98,10.98,RU,1682951852
363,atasu,48.6814,71.6433,47.62,49,21,15.66,KZ,1682951853
364,santa cruz,-17.8,-63.1667,81.86,78,75,11.5,BO,1682951854
365,katobu,-4.9408,122.5276,75.49,93,100,3.74,ID,1682951854
366,shangrao,28.4532,117.9686,62.91,68,95,3.8,CN,1682951854
367,camopi,3.1655,-52.3158,81.03,85,62,4.61,GF,1682951855
368,deputatskiy,69.3,139.9,18.37,97,100,1.66,RU,1682951856
369,iquitos,-3.7481,-73.2472,80.64,94,75,5.75,PE,1682951564
370,kedougou,12.5579,-12.1743,106.77,13,65,4.7,SN,1682951859
371,gaya,24.7833,85.0,80.51,61,40,4.61,IN,1682951859
372,waipawa,-41.4122,175.5153,58.1,96,50,6.73,NZ,1682951860
373,viedma,-40.8135,-62.9967,58.42,30,0,14.47,AR,1682951861
374,banda aceh,5.5577,95.3222,82.72,80,95,4.32,ID,1682951861
375,talnakh,69.4865,88.3972,6.67,90,16,2.44,RU,1682951862
376,itarema,-2.9248,-39.9167,84.49,70,100,9.22,BR,1682951862
377,nuuk,64.1835,-51.7216,32.61,80,75,4.61,GL,1682951863
378,auki,-8.7676,160.7034,78.76,86,98,3.85,SB,1682951578
379,dongsheng,39.8161,109.9776,56.25,38,1,11.5,CN,1682951865
380,taoudenni,22.6783,-3.9836,110.17,3,0,4.03,ML,1682951866
381,fairbanks,64.8378,-147.7164,32.34,78,40,5.75,US,1682951824
382,humaita,-7.5061,-63.0208,80.29,82,99,2.19,BR,1682951868
383,oudtshoorn,-33.5907,22.2014,61.16,51,21,12.01,ZA,1682951870
384,rafsanjan,30.4067,55.9939,79.25,16,1,8.16,IR,1682951870
385,hualmay,-11.0964,-77.6139,76.51,75,35,11.5,PE,1682951871
386,muzhi,65.3667,64.6667,27.3,87,100,6.55,RU,1682951871
387,ryotsu,38.0833,138.4333,50.5,74,20,12.91,JP,1682951871
388,half moon bay,37.4636,-122.4286,53.87,82,100,13.8,US,1682951872
389,sitka,57.0531,-135.33,42.69,87,100,4.61,US,1682951872
390,yerofey pavlovich,53.9667,121.9667,46.85,58,100,4.59,RU,1682951716
391,nioro,13.35,-15.75,103.78,16,5,6.76,GM,1682951874
392,sao filipe,14.8961,-24.4956,77.79,66,2,7.36,CV,1682951876
393,marzuq,14.4,46.4667,81.43,53,100,10.63,YE,1682951879
394,grand-santi,4.25,-54.3833,86.76,60,66,4.79,GF,1682951881
395,dalby,-27.1833,151.2667,53.83,45,97,7.07,AU,1682951717
396,bambanglipuro,-7.95,110.2833,78.64,84,99,2.01,ID,1682951885
397,fukuma,33.7667,130.4667,55.4,60,0,2.68,JP,1682951886
398,papara,-3.9839,-38.7273,81.0,62,97,6.8,BR,1682951886
399,finote selam,10.7,37.2667,68.14,66,100,3.38,ET,1682951651
400,alice springs,-23.7,133.8833,56.75,62,78,6.82,AU,1682951852
401,huarmey,-10.0681,-78.1522,78.24,76,55,9.53,PE,1682951889
402,nizhniy odes,63.6445,54.856,36.27,94,100,14.67,RU,1682951889
403,tyret pervaya,53.6703,102.3106,33.76,67,100,7.2,RU,1682951890
404,bratsk,56.1325,101.6142,30.34,89,98,5.44,RU,1682951893
405,zhenjiang,32.2092,119.4342,62.17,50,3,11.7,CN,1682951894
406,san rafael,-34.6177,-68.3301,57.07,27,0,8.57,AR,1682951896
407,huanren,41.2647,125.3667,45.54,69,54,4.9,CN,1682951897
408,abu zabad,12.35,29.25,97.23,9,17,4.29,SD,1682951909
409,okhotsk,59.3833,143.3,24.67,83,9,4.41,RU,1682951910
410,husavik,66.0449,-17.3389,33.71,87,97,8.08,IS,1682951911
411,slidell,30.2752,-89.7812,74.05,56,0,5.75,US,1682951911
412,hambantota,6.1241,81.1185,80.94,94,40,2.3,LK,1682951913
413,mange,8.9167,-12.85,96.66,40,100,11.41,SL,1682951914
414,saint-augustin,51.226,-58.6502,42.89,50,5,15.64,CA,1682951915
415,tianpeng,30.9866,103.9393,75.63,54,100,6.15,CN,1682951916
416,richards bay,-28.783,32.0377,73.87,78,4,15.17,ZA,1682951917
417,coquimbo,-29.9533,-71.3436,60.53,72,0,5.75,CL,1682951917
418,yeppoon,-23.1333,150.7333,60.58,76,82,4.59,AU,1682951918
419,boyolangu,-8.1181,111.8935,75.92,93,99,2.1,ID,1682951919
420,yakuplu,40.9889,28.6758,67.35,32,0,14.97,TR,1682951920
421,kingseat,56.0974,-3.4084,52.92,82,100,11.5,GB,1682951921
422,yerbogachen,61.2767,108.0108,28.4,96,100,8.68,RU,1682951921
423,nelson bay,-32.7167,152.15,60.01,78,2,10.0,AU,1682951922
424,zyuzelskiy,56.4856,60.1331,48.04,70,100,9.98,RU,1682951922
425,wilmington,34.2257,-77.9447,66.88,43,0,21.85,US,1682951740
426,mount isa,-20.7333,139.5,64.17,36,99,11.5,AU,1682951923
427,soto la marina,23.7667,-98.2167,79.83,43,13,10.98,MX,1682951925
428,krasavino,60.9614,46.4814,54.36,96,100,5.26,RU,1682951926
429,longyearbyen,78.2186,15.6401,10.24,52,20,9.22,SJ,1682951926
430,ilulissat,69.2167,-51.1,35.62,51,0,5.75,GL,1682951927
431,kaffrine,14.1059,-15.5508,105.37,13,0,7.83,SN,1682951929
432,ovalle,-30.5983,-71.2003,66.96,48,1,3.71,CL,1682951930
433,anchorage,61.2181,-149.9003,43.68,76,75,6.91,US,1682951700
434,kysyl-syr,63.8986,122.7617,33.4,98,100,5.41,RU,1682951931
435,orlik,52.5178,99.825,25.61,96,100,2.48,RU,1682951931
436,ilfracombe,51.2093,-4.1134,60.33,87,10,12.53,GB,1682951932
437,grakhovo,56.0502,51.9676,73.29,41,71,13.76,RU,1682951934
438,maneadero,31.7167,-116.5667,55.09,79,99,1.01,MX,1682951935
439,san rafael del sur,11.8485,-86.4384,83.37,56,71,12.75,NI,1682951935
440,mayumba,-3.432,10.6554,83.12,71,70,8.21,GA,1682951935
441,jardim,-21.4803,-56.1381,85.06,56,39,6.11,BR,1682951936
442,puerto asis,0.5133,-76.5007,74.97,90,95,0.98,CO,1682951936
443,victor harbor,-35.5667,138.6167,57.69,82,97,9.48,AU,1682951936
444,filimonovo,56.2011,95.4611,34.57,75,100,6.35,RU,1682951937
445,parsons,37.3403,-95.2611,54.99,48,0,16.58,US,1682951939
446,townsville,-19.25,146.8,74.28,88,40,6.91,AU,1682951872
447,morant bay,17.8815,-76.4093,87.71,68,94,9.28,JM,1682951939
448,hachinohe,40.5,141.5,49.23,86,65,13.06,JP,1682951941
449,clarence town,-32.5833,151.7833,55.94,72,1,9.75,AU,1682951941
450,brindisi,40.5833,17.6667,61.45,90,100,16.67,IT,1682951946
451,barra patuca,15.8,-84.2833,84.2,69,80,7.96,HN,1682951947
452,shawville,45.6001,-76.4827,43.77,97,100,15.19,CA,1682951949
453,omsukchan,62.5333,155.8,18.52,95,100,1.86,RU,1682951949
454,kosonsoy,41.2561,71.5508,68.56,37,59,6.55,UZ,1682951950
455,port augusta,-32.5,137.7667,61.84,76,77,2.57,AU,1682951951
456,killarney,52.05,-9.5167,62.65,55,40,4.61,IE,1682951952
457,aquiraz,-3.9014,-38.3911,82.49,68,100,10.18,BR,1682951742
458,wenling,28.3669,121.36,57.81,73,1,1.48,CN,1682951955
459,somerville,42.3876,-71.0995,59.67,77,75,27.63,US,1682951956
460,hasaki,35.7333,140.8333,56.21,77,47,20.15,JP,1682951951
461,hilton head island,32.2163,-80.7526,71.01,41,0,11.5,US,1682951958
462,rauma,61.1272,21.5113,46.44,64,100,5.75,FI,1682951958
463,san patricio,28.017,-97.5169,78.66,62,8,12.08,US,1682951959
464,greytown,-29.0642,30.5928,66.49,61,44,3.09,ZA,1682951960
465,yar-sale,66.8333,70.8333,15.22,96,25,5.75,RU,1682951961
466,qeshm,26.9581,56.2719,87.67,55,0,16.02,IR,1682951961
467,samarinda,-0.5,117.15,74.84,98,69,2.15,ID,1682951962
468,baruun-urt,46.6806,113.2792,62.98,23,99,17.34,MN,1682951964
469,yumen,40.2833,97.2,62.08,10,4,8.63,CN,1682951965
470,guiratinga,-16.3494,-53.7583,85.84,51,0,4.56,BR,1682951969
471,bubaque,11.2833,-15.8333,78.19,77,65,7.74,GW,1682951972
472,ati,13.2154,18.3353,101.39,15,27,2.8,TD,1682951974
473,taldan,53.6667,124.8,48.43,52,98,2.98,RU,1682951974
474,havelock,34.8791,-76.9013,64.94,46,0,17.27,US,1682951975
475,mitsamiouli,-11.3847,43.2844,80.83,71,94,14.83,KM,1682951976
476,tiarei,-17.5333,-149.3333,80.62,79,90,20.4,PF,1682951977
477,halifax,44.6453,-63.5724,46.29,95,100,31.07,CA,1682951813
478,kapoeta,4.7717,33.5903,79.3,63,100,5.64,SS,1682951979
479,henties bay,-22.116,14.2845,62.73,77,37,10.67,NA,1682951979
480,lodja,-3.4833,23.4333,81.14,71,60,2.04,CD,1682951980
481,slyudyanka,51.6594,103.7061,33.66,97,100,5.68,RU,1682951980
482,tezu,27.9167,96.1667,67.46,85,70,3.98,IN,1682951981
483,broken hill,-31.95,141.4333,62.42,47,100,10.98,AU,1682951981
484,oliveira dos brejinhos,-12.3169,-42.8961,72.7,80,100,2.24,BR,1682951884
485,pangai,-19.8,-174.35,78.78,73,99,25.17,TO,1682951984
486,saint-pierre,-21.3393,55.4781,78.48,73,0,5.75,RE,1682951985
487,tazovskiy,67.4667,78.7,11.71,97,6,4.97,RU,1682951985
488,goderich,43.7501,-81.7165,42.91,87,56,6.91,CA,1682951988
489,kahului,20.8947,-156.47,76.84,80,20,3.44,US,1682951988
490,toccoa,34.5773,-83.3324,59.85,43,0,12.66,US,1682951988
491,savannah bight,16.45,-85.85,79.99,80,100,9.01,HN,1682951989
492,turayf,31.6725,38.6637,73.65,8,0,6.91,SA,1682951990
493,comodoro rivadavia,-45.8667,-67.5,53.46,43,20,25.32,AR,1682951991
494,hervey bay,-25.2986,152.8535,63.1,48,96,9.48,AU,1682951993
495,nouakchott,18.0858,-15.9785,111.13,41,9,10.76,MR,1682951994
496,kondrovo,54.8064,35.9278,50.49,51,85,13.18,RU,1682951995
497,vieques,18.425,-65.8329,89.67,70,40,5.75,PR,1682951995
498,paveh,35.0434,46.3565,53.37,48,5,7.72,IR,1682951997
499,aden,12.7794,45.0367,85.93,74,33,13.98,YE,1682951998
500,grand gaube,-20.0064,57.6608,79.2,81,8,4.21,MU,1682951999
501,svetlyy,54.675,20.1347,51.85,54,93,4.94,RU,1682951999
502,sokolo,14.7328,-6.1219,105.58,14,9,3.89,ML,1682952001
503,tessalit,20.1986,1.0114,104.77,5,2,7.56,ML,1682951820
504,hami,42.8,93.45,64.27,25,67,18.68,CN,1682951949
505,thaba-tseka,-29.522,28.6084,59.43,37,100,11.56,LS,1682952009
506,kazachinskoye,57.6953,93.2761,27.05,96,48,3.4,RU,1682952011
507,pangnirtung,66.1451,-65.7125,28.4,93,100,6.91,CA,1682952012
508,nemuro,43.3236,145.575,40.33,92,58,7.05,JP,1682951941
509,armilla,37.141,-3.6185,86.14,22,20,5.75,ES,1682952015
510,etchoropo,26.7667,-109.6667,73.89,69,99,17.27,MX,1682952017
511,caernarfon,53.1413,-4.2702,58.8,60,20,14.97,GB,1682952020
512,quang ngai,15.1167,108.8,77.0,90,81,1.86,VN,1682952020
513,bialystok,53.1333,23.15,58.98,30,19,7.0,PL,1682951983
514,sobolevo,54.4299,31.8996,50.49,42,81,10.38,RU,1682952022
515,zhigansk,66.7697,123.3711,28.67,89,16,16.62,RU,1682952023
516,middle island,40.8843,-72.9373,60.96,56,0,20.71,US,1682952026
517,quelimane,-17.8786,36.8883,82.35,65,40,8.05,MZ,1682951819
518,yangambi,0.8102,24.4336,76.32,85,71,3.96,CD,1682952028
519,iskilip,40.7353,34.4739,54.64,49,95,12.41,TR,1682952029
520,biasca,46.3597,8.9697,62.1,80,100,1.99,CH,1682952030
521,williston,48.147,-103.618,47.8,58,6,8.93,US,1682952032
522,ola,59.5833,151.2833,30.15,82,100,6.58,RU,1682952032
523,nome,64.5011,-165.4064,35.67,75,20,16.11,US,1682952034
524,chandur bazar,21.2417,77.7456,82.56,52,32,3.4,IN,1682952035
525,san martin,-33.081,-68.4681,57.74,24,0,5.73,AR,1682952036
526,cosio,22.35,-102.3,67.53,33,100,10.78,MX,1682952036
527,shache,38.4167,77.2406,73.02,16,22,16.11,CN,1682952038
528,cayenne,4.9333,-52.3333,86.04,70,75,16.11,GF,1682951850
529,porbandar,21.6422,69.6093,81.91,67,0,9.31,IN,1682952014
530,basoko,1.2391,23.616,83.64,59,65,2.98,CD,1682952044
531,dandong,40.1292,124.3947,49.12,60,38,4.32,CN,1682951814
532,jizan,17.3333,42.6667,88.74,52,5,14.34,SA,1682952044
533,rawson,-43.3002,-65.1023,55.2,37,0,23.51,AR,1682952046
534,diapaga,12.0708,1.7889,102.06,18,83,4.45,BF,1682952047
535,west odessa,31.8424,-102.4988,59.68,50,0,11.5,US,1682952047
536,cabedelo,-6.9811,-34.8339,86.67,64,57,8.9,BR,1682951809
537,aviles,43.5547,-5.9248,69.37,76,20,13.8,ES,1682952048
538,korem,12.5058,39.5228,58.12,88,94,4.68,ET,1682952048
539,rabo de peixe,37.8,-25.5833,60.31,88,40,10.36,PT,1682952049
540,kousseri,12.0769,15.0306,96.76,36,40,10.36,CM,1682952051
541,santa fe,-31.6333,-60.7,66.02,46,100,8.01,AR,1682951557
542,broome,42.2506,-75.833,50.38,68,100,16.11,US,1682951876
543,polunochnoye,60.8697,60.4153,42.28,60,100,8.43,RU,1682952053
544,conceicao do araguaia,-8.2578,-49.2647,84.7,67,100,3.18,BR,1682952053
545,retie,51.2666,5.0839,66.85,60,99,12.46,BE,1682952055
546,mount gambier,-37.8333,140.7667,53.06,93,100,5.88,AU,1682952055
547,adre,13.4667,22.2,93.97,17,87,5.99,TD,1682952056
548,anadyr,64.75,177.4833,0.1,92,0,11.18,RU,1682951784
549,antofagasta,-23.65,-70.4,65.48,74,94,8.43,CL,1682952056
550,brae,60.3964,-1.353,41.14,65,100,18.99,GB,1682952057
551,alofi,-19.0595,-169.9187,75.09,83,75,18.41,NU,1682951952
552,pueblo bello,8.2041,-76.526,81.1,65,20,0.81,CO,1682952058
553,mashhad,36.297,59.6062,77.14,38,40,4.61,IR,1682952058
554,roura,4.7263,-52.3274,85.91,70,75,16.11,GF,1682952059
555,gushikawa,26.3544,127.8686,69.8,76,0,11.5,JP,1682952059
556,bulgan,48.8125,103.5347,42.35,23,70,21.12,MN,1682952060
557,hvide sande,56.0045,8.1294,56.08,97,100,14.61,DK,1682952060
558,san vicente,-26.6167,-54.1333,81.81,47,16,3.83,AR,1682952061
559,nhamunda,-2.1861,-56.7131,85.48,69,85,5.41,BR,1682952062
560,talavera de la reina,39.9635,-4.8308,83.1,18,89,2.75,ES,1682952063
561,havre-saint-pierre,50.2334,-63.5986,43.16,70,0,13.8,CA,1682952063
562,kabinda,-6.1333,24.4833,77.43,75,80,2.62,CD,1682951884
563,perry,37.2506,-83.1999,53.78,65,96,16.33,US,1682952066
564,kutum,14.2,24.6667,87.1,12,93,9.51,SD,1682951920
565,jiuquan,39.7432,98.5174,62.56,11,7,3.53,CN,1682951850
566,barra do garcas,-15.89,-52.2567,86.58,58,0,4.83,BR,1682951814
567,rudbar,30.15,62.6,89.65,18,1,5.17,AF,1682952071
